<?xml version="1.0" encoding="UTF-8"?>
<project-private xmlns="http://www.netbeans.org/ns/project-private/1">
    <editor-bookmarks xmlns="http://www.netbeans.org/ns/editor-bookmarks/2" lastBookmarkId="0"/>
    <open-files xmlns="http://www.netbeans.org/ns/projectui-open-files/2">
        <group>
            <file>file:/C:/Users/Andres%20Gaviria/Documents/NetBeansProjects/20200909/CIS1201_practical3_GaviriaAndres/src/cis/util/CisUtility.java</file>
            <file>file:/C:/Users/Andres%20Gaviria/Documents/NetBeansProjects/20200909/CIS1201_practical3_GaviriaAndres/src/cis/Controller.java</file>
            <file>file:/C:/Users/Andres%20Gaviria/Documents/NetBeansProjects/20200909/CIS1201_practical3_GaviriaAndres/src/cis/entity/Kid.java</file>
        </group>
    </open-files>
</project-private>
